[
  {
    "coords": [
      [
        -75.571729,
        6.225037,
        1485.7
      ],
      [
        -75.571434,
        6.224861,
        1486.5
      ],
      [
        -75.571373,
        6.224802,
        1487.0
      ],
      [
        -75.571344,
        6.224713,
        1487.0
      ],
      [
        -75.571333,
        6.224574,
        1487.0
      ],
      [
        -75.571341,
        6.224427,
        1487.0
      ],
      [
        -75.571396,
        6.224152,
        1487.0
      ],
      [
        -75.571392,
        6.224092,
        1487.0
      ],
      [
        -75.571375,
        6.224068,
        1487.0
      ],
      [
        -75.571323,
        6.224045,
        1487.0
      ],
      [
        -75.571268,
        6.224061,
        1487.0
      ],
      [
        -75.571251,
        6.224077,
        1487.0
      ],
      [
        -75.571137,
        6.224065,
        1487.0
      ],
      [
        -75.570759,
        6.223858,
        1491.0
      ],
      [
        -75.570478,
        6.223704,
        1491.0
      ],
      [
        -75.569934,
        6.223408,
        1497.0
      ],
      [
        -75.569573,
        6.223204,
        1499.0
      ],
      [
        -75.569311,
        6.223057,
        1499.0
      ],
      [
        -75.569333,
        6.222645,
        1499.0
      ],
      [
        -75.569339,
        6.222559,
        1499.0
      ],
      [
        -75.569347,
        6.222495,
        1508.0
      ],
      [
        -75.569427,
        6.222162,
        1508.0
      ],
      [
        -75.569446,
        6.222021,
        1508.0
      ],
      [
        -75.569456,
        6.221887,
        1508.0
      ],
      [
        -75.569487,
        6.221107,
        1502.4
      ],
      [
        -75.569484,
        6.220747,
        1500.0
      ],
      [
        -75.569505,
        6.220131,
        1500.0
      ],
      [
        -75.569524,
        6.220016,
        1500.0
      ],
      [
        -75.569592,
        6.219691,
        1508.0
      ],
      [
        -75.569683,
        6.219488,
        1512.4
      ],
      [
        -75.569769,
        6.219136,
        1514.3
      ],
      [
        -75.570051,
        6.218258,
        1519.0
      ],
      [
        -75.570102,
        6.218143,
        1519.9
      ],
      [
        -75.570419,
        6.217714,
        1520.1
      ],
      [
        -75.570568,
        6.217476,
        1520.3
      ],
      [
        -75.570682,
        6.217228,
        1520.2
      ],
      [
        -75.570736,
        6.217076,
        1521.0
      ],
      [
        -75.570777,
        6.216864,
        1518.3
      ],
      [
        -75.570932,
        6.215333,
        1519.0
      ],
      [
        -75.570914,
        6.215039,
        1518.5
      ],
      [
        -75.570852,
        6.214812,
        1518.0
      ],
      [
        -75.570603,
        6.213678,
        1521.1
      ],
      [
        -75.570606,
        6.213224,
        1525.0
      ],
      [
        -75.570635,
        6.212966,
        1525.0
      ],
      [
        -75.570367,
        6.212908,
        1525.0
      ],
      [
        -75.570041,
        6.212837,
        1525.0
      ],
      [
        -75.56994,
        6.212813,
        1539.0
      ],
      [
        -75.569935,
        6.213055,
        1539.0
      ],
      [
        -75.569896,
        6.213056,
        1539.0
      ],
      [
        -75.569573,
        6.213068,
        1539.0
      ]
    ],
    "speeds": [
      6.23,
      6.23,
      6.23,
      6.23,
      6.23,
      6.23,
      6.79,
      6.79,
      6.79,
      6.79,
      6.79,
      6.79,
      6.79,
      6.79,
      6.79,
      6.79,
      6.79,
      7.98,
      7.98,
      7.98,
      7.98,
      7.98,
      7.98,
      7.98,
      7.98,
      7.98,
      7.98,
      7.98,
      9.61,
      9.61,
      9.61,
      9.61,
      9.61,
      9.61,
      9.61,
      9.61,
      9.61,
      9.61,
      9.61,
      9.61,
      9.61,
      9.61,
      9.61,
      3.88,
      3.88,
      3.88,
      6.87,
      4.17,
      4.17,
      4.17
    ],
    "slopes": [
      0,
      1.21,
      3.05,
      0.0,
      0.0,
      0.0,
      0.0,
      0.0,
      0.0,
      0.0,
      0.0,
      0.0,
      0.0,
      4.79,
      0.0,
      5.0,
      2.5,
      0.0,
      0.0,
      0.0,
      51.6,
      0.0,
      0.0,
      0.0,
      -3.71,
      -3.45,
      0.0,
      0.0,
      12.29,
      10.14,
      2.71,
      2.64,
      3.7,
      0.19,
      0.37,
      -0.19,
      2.57,
      -6.45,
      0.24,
      -0.88,
      -1.1,
      1.38,
      4.44,
      0.0,
      0.0,
      0.0,
      50.63,
      0.0,
      0.0,
      0.0
    ],
    "duration": 233.5,
    "distance": 1745.1
  },
  {
    "coords": [
      [
        -75.569115,
        6.213077,
        1541.5
      ],
      [
        -75.569573,
        6.213068,
        1539.0
      ],
      [
        -75.569896,
        6.213056,
        1539.0
      ],
      [
        -75.569935,
        6.213055,
        1539.0
      ],
      [
        -75.569924,
        6.214041,
        1533.0
      ],
      [
        -75.569913,
        6.214549,
        1533.0
      ],
      [
        -75.569911,
        6.214638,
        1533.0
      ],
      [
        -75.570043,
        6.214643,
        1522.0
      ],
      [
        -75.570043,
        6.214541,
        1522.0
      ],
      [
        -75.570041,
        6.212897,
        1525.0
      ],
      [
        -75.570041,
        6.212837,
        1525.0
      ],
      [
        -75.570041,
        6.212766,
        1525.0
      ],
      [
        -75.570062,
        6.212248,
        1526.0
      ],
      [
        -75.570086,
        6.21203,
        1526.0
      ],
      [
        -75.570098,
        6.211921,
        1526.0
      ],
      [
        -75.570141,
        6.211723,
        1526.0
      ],
      [
        -75.570211,
        6.211489,
        1529.0
      ],
      [
        -75.570251,
        6.211355,
        1529.0
      ],
      [
        -75.570309,
        6.211181,
        1529.0
      ],
      [
        -75.570522,
        6.210624,
        1531.0
      ],
      [
        -75.57081,
        6.20986,
        1528.0
      ],
      [
        -75.571083,
        6.209114,
        1528.0
      ],
      [
        -75.571265,
        6.208623,
        1528.0
      ],
      [
        -75.57133,
        6.208372,
        1528.0
      ],
      [
        -75.571441,
        6.207517,
        1530.5
      ],
      [
        -75.57152,
        6.207103,
        1530.9
      ],
      [
        -75.571627,
        6.206663,
        1536.0
      ],
      [
        -75.571648,
        6.206472,
        1536.0
      ],
      [
        -75.571636,
        6.206208,
        1536.0
      ],
      [
        -75.571595,
        6.205973,
        1536.0
      ],
      [
        -75.571539,
        6.205688,
        1538.0
      ],
      [
        -75.571519,
        6.205593,
        1538.0
      ],
      [
        -75.571457,
        6.205264,
        1538.0
      ],
      [
        -75.57145,
        6.205017,
        1538.0
      ],
      [
        -75.571472,
        6.204821,
        1538.0
      ],
      [
        -75.571544,
        6.204442,
        1538.0
      ],
      [
        -75.571598,
        6.204179,
        1538.0
      ],
      [
        -75.571755,
        6.20356,
        1537.0
      ],
      [
        -75.571779,
        6.203482,
        1537.0
      ],
      [
        -75.571792,
        6.203436,
        1537.0
      ],
      [
        -75.572001,
        6.202818,
        1540.0
      ],
      [
        -75.572325,
        6.201793,
        1540.0
      ],
      [
        -75.57244,
        6.201461,
        1537.6
      ],
      [
        -75.572622,
        6.201099,
        1538.0
      ],
      [
        -75.572722,
        6.200923,
        1538.0
      ],
      [
        -75.572786,
        6.20081,
        1537.0
      ],
      [
        -75.573075,
        6.200308,
        1537.0
      ],
      [
        -75.57331,
        6.1999,
        1541.0
      ],
      [
        -75.573419,
        6.199718,
        1538.0
      ],
      [
        -75.573499,
        6.199574,
        1538.0
      ],
      [
        -75.573689,
        6.199671,
        1538.0
      ],
      [
        -75.57354,
        6.199897,
        1538.0
      ]
    ],
    "speeds": [
      4.17,
      4.17,
      4.17,
      7.04,
      7.04,
      7.04,
      6.58,
      6.58,
      6.58,
      6.58,
      6.58,
      6.58,
      6.58,
      6.58,
      6.58,
      6.58,
      6.58,
      6.58,
      6.58,
      6.58,
      6.58,
      6.58,
      6.58,
      6.58,
      6.58,
      6.58,
      6.58,
      6.58,
      6.58,
      6.58,
      6.58,
      6.58,
      6.58,
      6.58,
      6.58,
      6.58,
      6.58,
      6.58,
      6.58,
      6.58,
      6.58,
      6.58,
      6.58,
      6.58,
      6.58,
      6.58,
      6.58,
      6.58,
      6.58,
      2.78,
      4.18,
      4.18
    ],
    "slopes": [
      0,
      -2.82,
      0.0,
      0.0,
      -3.15,
      0.0,
      0.0,
      -36.96,
      0.0,
      0.95,
      0.0,
      0.0,
      1.0,
      0.0,
      0.0,
      0.0,
      6.34,
      0.0,
      0.0,
      1.74,
      -1.9,
      0.0,
      0.0,
      0.0,
      1.5,
      0.49,
      5.81,
      0.0,
      0.0,
      0.0,
      3.56,
      0.0,
      0.0,
      0.0,
      0.0,
      0.0,
      0.0,
      -0.81,
      0.0,
      0.0,
      2.38,
      0.0,
      -3.53,
      0.51,
      0.0,
      -3.98,
      0.0,
      4.39,
      -7.29,
      0.0,
      0.0,
      0.0
    ],
    "duration": 330.7,
    "distance": 2085.3
  }
]